[
  {
    "id": 1760343854678,
    "userId": 1760343830207,
    "name": "Test1",
    "gericht": "salat",
    "menge": 2,
    "getraenk": "saft",
    "bemerkung": "Mein Sonderwunsch1",
    "createdAt": "2025-10-13T08:24:14.678Z"
  },
  {
    "id": 1760344545238,
    "userId": 1760343830207,
    "name": "Test1",
    "gericht": "Burger",
    "menge": 2,
    "getraenk": "Fanta",
    "bemerkung": "Keine zwiebel",
    "createdAt": "2025-10-13T08:35:45.238Z"
  },
  {
    "id": 1760691912833,
    "userId": 1760343830207,
    "name": "Test1",
    "gericht": "salat",
    "menge": 1,
    "getraenk": "saft",
    "bemerkung": "Sonderwunsch1",
    "createdAt": "2025-10-17T09:05:12.833Z"
  }
]