[
  {
    "id": 1760343854678,
    "userId": 1760343830207,
    "name": "Test1",
    "gericht": "salat",
    "menge": 2,
    "getraenk": "saft",
    "bemerkung": "Mein Sonderwunsch1",
    "createdAt": "2025-10-13T08:24:14.678Z"
  },
  {
    "id": 1760344545238,
    "userId": 1760343830207,
    "name": "Test1",
    "gericht": "Burger",
    "menge": 2,
    "getraenk": "Fanta",
    "bemerkung": "Keine zwiebel",
    "createdAt": "2025-10-13T08:35:45.238Z"
  },
  {
    "id": 1760691912833,
    "userId": 1760343830207,
    "name": "Test1",
    "gericht": "salat",
    "menge": 1,
    "getraenk": "saft",
    "bemerkung": "Sonderwunsch1",
    "createdAt": "2025-10-17T09:05:12.833Z"
  },
  {
    "id": 1760947358807,
    "userId": 1760343830207,
    "name": "Test1",
    "gericht": "sandwich",
    "menge": 1,
    "getraenk": "saft",
    "bemerkung": "Sonderwunsch1",
    "createdAt": "2025-10-20T08:02:38.807Z"
  },
  {
    "id": "1762164083467",
    "userId": 1760343830207,
    "name": "Test1",
    "gericht": "sandwich",
    "menge": 1,
    "getraenk": "wasser",
    "bemerkung": "Wasser bitte mit Kohlensäure",
    "orderCode": "738",
    "status": "abgeholt",
    "createdAt": "2025-11-03T10:01:23.467Z"
  },
  {
    "id": "1762164228168",
    "userId": 1760343830207,
    "name": "Test1",
    "gericht": "salat",
    "menge": 1,
    "getraenk": "wasser",
    "bemerkung": "ohne kohlensäure",
    "orderCode": "143",
    "status": "pending",
    "createdAt": "2025-11-03T10:03:48.168Z"
  },
  {
    "id": "1762165033760",
    "userId": 1760343830207,
    "name": "Test1",
    "gericht": "sandwich",
    "menge": 1,
    "getraenk": "wasser",
    "bemerkung": "Wunsch1",
    "orderCode": "713",
    "status": "pending",
    "createdAt": "2025-11-03T10:17:13.760Z"
  },
  {
    "id": "1762165256615",
    "userId": 1760343830207,
    "name": "Test1",
    "gericht": "salat",
    "menge": 1,
    "getraenk": "kaffee",
    "bemerkung": "wf",
    "orderCode": "885",
    "status": "pending",
    "createdAt": "2025-11-03T10:20:56.615Z"
  },
  {
    "id": "1762165419520",
    "userId": 1760343830207,
    "name": "Test1",
    "gericht": "salat",
    "menge": 1,
    "getraenk": "wasser",
    "bemerkung": "",
    "orderCode": "282",
    "status": "pending",
    "createdAt": "2025-11-03T10:23:39.520Z"
  }
]